Article_Code,Description,Category,Date_of_Check,Quantity_in_First_Class,Quantity_in_Second_Class,Quantity_Rejected
ART-62705,Outdoor play sandbox set,Educational,2025-01-05,88,51,27
ART-45551,Stuffed animal teddy bear,Remote Control,2025-02-10,367,289,16
ART-10559,Remote-controlled car,Board Games,2025-02-11,189,246,42
ART-76914,Remote-controlled car,Remote Control,2025-01-02,469,229,43
ART-74346,Battery-operated train set,Educational,2025-01-17,419,251,20
ART-76641,Action figure superhero toy,Outdoor Play,2025-01-22,58,109,16
ART-43223,Children's board game set,Board Games,2025-01-13,129,159,18
ART-74464,Educational puzzle for kids,Board Games,2025-01-24,217,64,35
ART-97620,Action figure superhero toy,Educational,2025-01-13,194,218,26
ART-08621,Action figure superhero toy,Remote Control,2025-01-28,333,208,29
ART-79318,Action figure superhero toy,Crafts,2025-01-17,144,46,16
ART-28062,Children's board game set,Outdoor Play,2025-02-06,242,188,8
ART-88432,Dollhouse with furniture,Pretend Play,2025-01-10,148,235,42
ART-65378,Outdoor play sandbox set,Action Figures,2025-01-09,244,213,35
ART-83500,Educational puzzle for kids,Outdoor Play,2025-01-16,89,66,39
ART-98006,Kids' art and craft supplies,Action Figures,2025-01-28,209,200,6
ART-43317,Children's board game set,Pretend Play,2025-01-28,497,228,39
ART-45053,Stuffed animal teddy bear,Board Games,2025-01-24,495,190,19
ART-38065,Remote-controlled car,Building Toys,2025-02-05,200,265,12
ART-65275,Battery-operated train set,Educational,2025-01-09,118,257,42
ART-42831,Remote-controlled car,Board Games,2025-02-03,354,37,28
ART-31849,Kids' art and craft supplies,Board Games,2025-01-28,309,128,9
ART-27908,Stuffed animal teddy bear,Educational,2025-02-03,303,157,20
ART-08832,Outdoor play sandbox set,Stuffed Animals,2025-01-26,487,251,35
ART-01273,Children's board game set,Educational,2025-02-05,280,163,39
ART-94273,Educational puzzle for kids,Vehicles,2025-02-10,392,268,13
ART-00675,Children's board game set,Building Toys,2025-01-01,394,46,11
ART-19753,Educational puzzle for kids,Pretend Play,2025-01-18,364,293,5
ART-73033,Remote-controlled car,Remote Control,2025-01-19,355,242,22
ART-84575,Stuffed animal teddy bear,Remote Control,2025-01-01,325,167,10
ART-29536,Stuffed animal teddy bear,Action Figures,2025-01-26,186,101,50
ART-37681,Action figure superhero toy,Crafts,2025-02-07,260,273,18
ART-33516,Outdoor play sandbox set,Outdoor Play,2025-01-18,190,24,36
ART-34673,Action figure superhero toy,Vehicles,2025-02-05,207,153,23
ART-08582,Battery-operated train set,Stuffed Animals,2025-01-13,408,174,41
ART-14667,Outdoor play sandbox set,Crafts,2025-01-22,302,213,22
ART-76997,Children's board game set,Building Toys,2025-01-01,496,236,13
ART-65513,Kids' art and craft supplies,Outdoor Play,2025-02-10,388,214,5
ART-78957,Battery-operated train set,Crafts,2025-01-30,164,75,22
ART-87694,Educational puzzle for kids,Outdoor Play,2025-01-04,97,204,16
ART-42236,Dollhouse with furniture,Crafts,2025-02-03,405,173,1
ART-83756,Kids' art and craft supplies,Board Games,2025-01-31,269,219,0
ART-65703,Outdoor play sandbox set,Vehicles,2025-02-07,92,294,34
ART-53233,Dollhouse with furniture,Stuffed Animals,2025-02-03,92,275,27
ART-36296,Educational puzzle for kids,Board Games,2025-01-26,396,299,10
ART-18218,Action figure superhero toy,Educational,2025-01-23,112,41,29
ART-53395,Children's board game set,Remote Control,2025-01-27,54,75,27
ART-15621,Wooden building blocks set,Outdoor Play,2025-02-13,341,119,23
ART-74557,Kids' art and craft supplies,Building Toys,2025-01-30,197,244,7
ART-99430,Wooden building blocks set,Crafts,2025-01-29,245,203,30
ART-76635,Wooden building blocks set,Vehicles,2025-02-13,285,59,20
ART-42509,Outdoor play sandbox set,Crafts,2025-02-14,50,200,15
ART-50525,Wooden building blocks set,Vehicles,2025-02-07,350,188,42
ART-35250,Dollhouse with furniture,Vehicles,2025-01-05,371,69,40
ART-42275,Educational puzzle for kids,Pretend Play,2025-01-07,343,135,27
ART-71631,Educational puzzle for kids,Remote Control,2025-01-01,426,271,36
ART-28446,Kids' art and craft supplies,Board Games,2025-01-30,269,227,45
ART-34710,Children's board game set,Pretend Play,2025-01-09,269,209,4
ART-44080,Wooden building blocks set,Pretend Play,2025-01-12,139,233,11
ART-61449,Stuffed animal teddy bear,Stuffed Animals,2025-02-05,282,187,21
ART-16552,Action figure superhero toy,Stuffed Animals,2025-02-07,454,171,36
ART-03488,Action figure superhero toy,Pretend Play,2025-01-29,328,203,3
ART-33095,Educational puzzle for kids,Building Toys,2025-01-15,371,232,24
ART-61896,Educational puzzle for kids,Outdoor Play,2025-02-04,290,265,28
ART-03063,Wooden building blocks set,Remote Control,2025-02-07,73,39,8
ART-97681,Stuffed animal teddy bear,Outdoor Play,2025-01-15,412,244,28
ART-02158,Action figure superhero toy,Stuffed Animals,2025-01-30,368,275,40
ART-01601,Children's board game set,Pretend Play,2025-02-10,186,21,18
ART-92124,Wooden building blocks set,Vehicles,2025-01-13,216,107,39
ART-14858,Battery-operated train set,Educational,2025-01-17,358,238,10
ART-58657,Remote-controlled car,Action Figures,2025-01-17,271,69,47
ART-25238,Remote-controlled car,Remote Control,2025-01-25,288,177,10
ART-13633,Outdoor play sandbox set,Remote Control,2025-02-14,264,252,21
ART-41508,Remote-controlled car,Outdoor Play,2025-01-27,117,135,33
ART-45323,Battery-operated train set,Crafts,2025-01-25,126,283,8
ART-71696,Kids' art and craft supplies,Outdoor Play,2025-01-06,128,142,8
ART-30533,Remote-controlled car,Crafts,2025-01-08,222,174,20
ART-62868,Battery-operated train set,Action Figures,2025-01-09,406,91,48
ART-87981,Dollhouse with furniture,Educational,2025-01-07,271,277,3
ART-14711,Remote-controlled car,Crafts,2025-01-07,348,152,4
ART-02073,Remote-controlled car,Board Games,2025-01-30,178,120,40
ART-43397,Educational puzzle for kids,Building Toys,2025-01-16,485,81,50
ART-70475,Dollhouse with furniture,Vehicles,2025-01-12,84,140,49
ART-44578,Dollhouse with furniture,Vehicles,2025-01-13,150,188,14
ART-53836,Battery-operated train set,Crafts,2025-01-06,463,228,12
ART-40210,Kids' art and craft supplies,Outdoor Play,2025-01-01,383,135,10
ART-01432,Stuffed animal teddy bear,Remote Control,2025-02-02,117,296,23
ART-31699,Children's board game set,Outdoor Play,2025-02-03,219,200,44
ART-10213,Outdoor play sandbox set,Pretend Play,2025-02-13,111,294,22
ART-66379,Stuffed animal teddy bear,Pretend Play,2025-01-30,139,227,27
ART-25821,Kids' art and craft supplies,Vehicles,2025-01-27,101,57,34
ART-18127,Remote-controlled car,Vehicles,2025-02-14,489,100,28
ART-61151,Dollhouse with furniture,Vehicles,2025-01-22,85,291,36
ART-37748,Remote-controlled car,Remote Control,2025-01-27,396,104,47
ART-27802,Battery-operated train set,Remote Control,2025-02-04,464,48,29
ART-39172,Educational puzzle for kids,Vehicles,2025-01-30,451,252,18
ART-38235,Wooden building blocks set,Remote Control,2025-01-28,419,93,26
ART-67264,Battery-operated train set,Educational,2025-01-05,339,273,35
ART-83425,Wooden building blocks set,Crafts,2025-02-09,304,240,11
ART-00667,Kids' art and craft supplies,Action Figures,2025-01-16,79,256,43
ART-14711,Remote-controlled car,Crafts,2025-01-07,348,152,4
ART-10550,Kids' art and craft supplies,Educational,2025-02-14,333,137,37
ART-59224,Dollhouse with furniture,Outdoor Play,2025-01-29,261,124,26
ART-19315,Remote-controlled car,Board Games,2025-01-13,172,176,7
ART-77449,Children's board game set,Vehicles,2025-01-17,471,207,34
ART-79962,Dollhouse with furniture,Vehicles,2025-01-26,52,100,26
ART-30483,Dollhouse with furniture,Board Games,2025-01-18,481,138,4
ART-59809,Dollhouse with furniture,Building Toys,2025-01-19,244,21,24
ART-36296,Educational puzzle for kids,Board Games,2025-01-26,396,299,10
ART-99435,Wooden building blocks set,Educational,2025-02-11,411,90,33
ART-55237,Stuffed animal teddy bear,Outdoor Play,2025-01-06,71,181,19
ART-74522,Wooden building blocks set,Pretend Play,2025-01-01,136,241,46
ART-72060,Battery-operated train set,Vehicles,2025-01-24,456,106,42
ART-77735,Action figure superhero toy,Vehicles,2025-01-15,410,169,18
ART-22287,Remote-controlled car,Outdoor Play,2025-02-13,280,209,5
ART-20134,Action figure superhero toy,Building Toys,2025-02-14,210,231,2
ART-92304,Educational puzzle for kids,Outdoor Play,2025-02-14,445,232,21
ART-13009,Kids' art and craft supplies,Action Figures,2025-01-15,345,136,46
ART-49590,Children's board game set,Stuffed Animals,2025-01-30,420,117,3
ART-37837,Remote-controlled car,Building Toys,2025-01-06,388,33,8
ART-15488,Battery-operated train set,Board Games,2025-01-27,118,278,29
ART-65355,Action figure superhero toy,Educational,2025-02-01,177,23,16
ART-04933,Action figure superhero toy,Action Figures,2025-02-12,245,291,18
ART-89416,Kids' art and craft supplies,Building Toys,2025-02-10,186,283,43
ART-80088,Outdoor play sandbox set,Action Figures,2025-02-14,401,75,31
ART-21624,Dollhouse with furniture,Educational,2025-01-28,185,207,48
ART-12908,Outdoor play sandbox set,Educational,2025-01-13,365,173,37
ART-96338,Children's board game set,Educational,2025-01-22,58,283,36
ART-64357,Kids' art and craft supplies,Board Games,2025-01-06,299,289,42
ART-92299,Stuffed animal teddy bear,Remote Control,2025-01-01,125,32,2
ART-41384,Educational puzzle for kids,Stuffed Animals,2025-01-17,73,47,35
ART-35088,Outdoor play sandbox set,Pretend Play,2025-01-31,241,193,35
ART-78749,Educational puzzle for kids,Educational,2025-02-09,241,98,43
ART-18286,Battery-operated train set,Board Games,2025-01-10,496,297,2
ART-35146,Kids' art and craft supplies,Action Figures,2025-02-03,162,35,49
ART-85123,Outdoor play sandbox set,Educational,2025-01-12,304,35,24
ART-19784,Action figure superhero toy,Outdoor Play,2025-02-05,100,191,50
ART-73880,Stuffed animal teddy bear,Vehicles,2025-01-24,122,69,3
ART-77062,Remote-controlled car,Remote Control,2025-01-16,416,254,2
ART-66983,Educational puzzle for kids,Stuffed Animals,2025-01-21,470,136,14
ART-94598,Educational puzzle for kids,Board Games,2025-01-15,387,98,45
ART-04338,Remote-controlled car,Stuffed Animals,2025-02-12,414,284,7
ART-45631,Stuffed animal teddy bear,Outdoor Play,2025-01-03,293,57,29
ART-23442,Remote-controlled car,Board Games,2025-01-01,50,129,30
ART-78814,Dollhouse with furniture,Crafts,2025-01-17,209,27,35
ART-00088,Children's board game set,Action Figures,2025-02-14,267,292,24
ART-02950,Outdoor play sandbox set,Building Toys,2025-01-11,486,267,6
ART-35900,Outdoor play sandbox set,Crafts,2025-01-13,57,155,34
ART-11576,Remote-controlled car,Pretend Play,2025-02-11,241,134,1
ART-39635,Stuffed animal teddy bear,Remote Control,2025-01-13,152,255,22
ART-80513,Stuffed animal teddy bear,Educational,2025-01-30,236,240,4
ART-99579,Outdoor play sandbox set,Crafts,2025-01-20,312,45,43
ART-28432,Kids' art and craft supplies,Outdoor Play,2025-02-12,123,180,45
ART-75154,Wooden building blocks set,Pretend Play,2025-01-11,378,155,41
ART-98903,Wooden building blocks set,Crafts,2025-01-15,314,117,5
ART-23799,Educational puzzle for kids,Vehicles,2025-01-08,73,132,25
ART-18058,Educational puzzle for kids,Building Toys,2025-01-29,420,96,21
ART-14016,Kids' art and craft supplies,Pretend Play,2025-01-17,454,135,49
ART-86585,Educational puzzle for kids,Stuffed Animals,2025-02-06,310,159,26
ART-89880,Educational puzzle for kids,Stuffed Animals,2025-01-15,286,147,4
ART-22023,Stuffed animal teddy bear,Building Toys,2025-02-11,353,299,11
ART-81423,Dollhouse with furniture,Stuffed Animals,2025-01-11,171,272,1
ART-79734,Action figure superhero toy,Building Toys,2025-02-10,397,245,29
ART-88515,Educational puzzle for kids,Board Games,2025-01-14,485,100,45
ART-92299,Stuffed animal teddy bear,Remote Control,2025-01-01,125,32,2
ART-39006,Wooden building blocks set,Action Figures,2025-01-31,168,286,26
ART-78041,Wooden building blocks set,Stuffed Animals,2025-01-05,51,190,49
ART-36296,Educational puzzle for kids,Board Games,2025-01-26,396,299,10
ART-43313,Battery-operated train set,Action Figures,2025-01-16,158,201,16
ART-26595,Stuffed animal teddy bear,Board Games,2025-01-30,364,42,46
ART-93238,Action figure superhero toy,Crafts,2025-01-10,135,78,49
ART-37825,Kids' art and craft supplies,Outdoor Play,2025-01-22,230,44,3
ART-41958,Outdoor play sandbox set,Remote Control,2025-02-12,396,109,39
ART-50439,Children's board game set,Building Toys,2025-01-14,238,78,48
ART-16649,Children's board game set,Stuffed Animals,2025-01-22,372,214,9
ART-21412,Wooden building blocks set,Action Figures,2025-01-01,114,235,33
ART-96380,Battery-operated train set,Board Games,2025-01-15,375,203,4
ART-64267,Battery-operated train set,Vehicles,2025-02-03,54,208,12
ART-74429,Outdoor play sandbox set,Board Games,2025-02-07,414,98,47
ART-45323,Battery-operated train set,Crafts,2025-01-25,126,283,8
ART-07396,Wooden building blocks set,Board Games,2025-02-10,270,104,38
ART-57421,Children's board game set,Vehicles,2025-01-08,308,273,26
ART-98686,Stuffed animal teddy bear,Crafts,2025-01-03,112,122,50
ART-67894,Educational puzzle for kids,Action Figures,2025-01-24,218,174,37
ART-34361,Educational puzzle for kids,Action Figures,2025-01-14,202,141,6
ART-48035,Outdoor play sandbox set,Pretend Play,2025-01-23,406,269,9
ART-66425,Children's board game set,Educational,2025-02-01,419,296,16
ART-84464,Kids' art and craft supplies,Remote Control,2025-01-06,150,254,6
ART-53748,Wooden building blocks set,Educational,2025-01-06,310,61,11
ART-20236,Dollhouse with furniture,Building Toys,2025-02-02,475,257,44
ART-59982,Dollhouse with furniture,Outdoor Play,2025-01-19,327,50,33
ART-95155,Educational puzzle for kids,Building Toys,2025-01-29,345,40,48
ART-77553,Wooden building blocks set,Pretend Play,2025-02-08,234,182,8
ART-45892,Kids' art and craft supplies,Vehicles,2025-01-14,55,153,41
ART-99464,Action figure superhero toy,Stuffed Animals,2025-01-15,110,111,34
ART-40302,Dollhouse with furniture,Stuffed Animals,2025-02-09,54,131,32
ART-01340,Action figure superhero toy,Stuffed Animals,2025-02-10,399,44,2
ART-40302,Dollhouse with furniture,Stuffed Animals,2025-02-09,54,131,32
ART-67921,Children's board game set,Educational,2025-01-16,97,236,32
ART-34374,Battery-operated train set,Outdoor Play,2025-01-09,96,128,41
ART-69650,Action figure superhero toy,Crafts,2025-02-04,369,180,42
ART-29113,Remote-controlled car,Building Toys,2025-01-19,99,240,22
ART-70921,Battery-operated train set,Building Toys,2025-01-26,280,152,48
ART-60619,Remote-controlled car,Board Games,2025-01-10,486,130,27
ART-09250,Dollhouse with furniture,Pretend Play,2025-01-25,148,130,47
ART-53796,Battery-operated train set,Pretend Play,2025-01-23,78,24,44
ART-74429,Outdoor play sandbox set,Board Games,2025-02-05,493,84,44
ART-98040,Educational puzzle for kids,Building Toys,2025-01-27,221,183,34
ART-93314,Children's board game set,Stuffed Animals,2025-01-28,107,78,17
ART-13993,Remote-controlled car,Educational,2025-01-17,328,135,41
ART-62620,Dollhouse with furniture,Vehicles,2025-01-10,180,72,36
ART-64014,Educational puzzle for kids,Educational,2025-02-09,407,84,40
ART-90133,Kids' art and craft supplies,Educational,2025-01-01,309,216,29
ART-38789,Action figure superhero toy,Outdoor Play,2025-01-24,393,73,10
ART-56015,Outdoor play sandbox set,Outdoor Play,2025-01-04,341,145,31
ART-46680,Action figure superhero toy,Action Figures,2025-01-07,145,274,44
ART-38431,Battery-operated train set,Board Games,2025-01-28,50,189,39
ART-37809,Educational puzzle for kids,Educational,2025-01-14,217,232,11
ART-86468,Dollhouse with furniture,Stuffed Animals,2025-01-15,171,103,11
ART-15353,Battery-operated train set,Board Games,2025-02-07,412,173,30
ART-71971,Wooden building blocks set,Educational,2025-01-15,202,257,43
ART-01065,Remote-controlled car,Crafts,2025-02-02,351,216,22
ART-86557,Kids' art and craft supplies,Vehicles,2025-01-22,155,55,48
ART-56729,Children's board game set,Outdoor Play,2025-01-27,253,298,30
ART-05966,Battery-operated train set,Vehicles,2025-01-13,89,166,15
ART-17427,Remote-controlled car,Remote Control,2025-01-03,263,177,50
ART-80431,Action figure superhero toy,Building Toys,2025-02-10,379,215,50
ART-98158,Wooden building blocks set,Crafts,2025-01-21,155,235,24
ART-12848,Educational puzzle for kids,Action Figures,2025-01-26,90,281,13
ART-61119,Kids' art and craft supplies,Crafts,2025-02-08,332,95,27
ART-39921,Action figure superhero toy,Vehicles,2025-02-06,461,78,29
ART-79098,Kids' art and craft supplies,Vehicles,2025-01-07,346,233,18
ART-77795,Children's board game set,Educational,2025-02-07,442,232,27
ART-17513,Children's board game set,Educational,2025-02-05,227,24,21
ART-26305,Educational puzzle for kids,Remote Control,2025-01-19,198,187,7
ART-94462,Battery-operated train set,Board Games,2025-01-03,274,61,38
ART-25172,Dollhouse with furniture,Remote Control,2025-02-09,205,23,25
ART-56524,Children's board game set,Action Figures,2025-02-06,432,299,38
ART-59767,Children's board game set,Educational,2025-01-21,242,241,11
ART-99583,Action figure superhero toy,Action Figures,2025-01-04,392,227,46
ART-97800,Kids' art and craft supplies,Educational,2025-02-07,250,36,11
ART-31127,Battery-operated train set,Educational,2025-01-02,392,78,36
ART-59428,Children's board game set,Educational,2025-02-02,203,73,8
ART-90162,Action figure superhero toy,Stuffed Animals,2025-02-01,270,76,18
ART-20966,Outdoor play sandbox set,Pretend Play,2025-01-11,320,85,46
ART-66307,Children's board game set,Crafts,2025-02-10,217,64,25
ART-18380,Action figure superhero toy,Stuffed Animals,2025-01-07,193,161,35
ART-36710,Remote-controlled car,Building Toys,2025-02-01,354,54,43
ART-45253,Outdoor play sandbox set,Vehicles,2025-01-04,104,25,6
ART-46224,Children's board game set,Outdoor Play,2025-02-05,63,256,45
ART-83612,Wooden building blocks set,Action Figures,2025-01-03,493,203,0
ART-57638,Remote-controlled car,Pretend Play,2025-01-09,321,281,12
ART-20399,Children's board game set,Building Toys,2025-01-01,69,192,49
ART-47972,Stuffed animal teddy bear,Board Games,2025-01-27,88,123,8
ART-24560,Educational puzzle for kids,Educational,2025-01-20,432,265,13
ART-94410,Stuffed animal teddy bear,Educational,2025-01-05,346,40,39
ART-65624,Wooden building blocks set,Outdoor Play,2025-01-07,233,141,37
ART-52401,Remote-controlled car,Outdoor Play,2025-02-13,445,226,32
ART-06188,Remote-controlled car,Outdoor Play,2025-01-23,273,138,4
ART-39539,Wooden building blocks set,Building Toys,2025-01-26,360,274,18
ART-74765,Action figure superhero toy,Vehicles,2025-01-02,250,257,49
ART-29536,Stuffed animal teddy bear,Action Figures,2025-01-26,186,101,50
ART-95625,Battery-operated train set,Stuffed Animals,2025-02-12,363,48,19
ART-80983,Dollhouse with furniture,Action Figures,2025-02-12,385,22,48
ART-78041,Wooden building blocks set,Stuffed Animals,2025-01-05,51,190,49
ART-64532,Battery-operated train set,Crafts,2025-01-08,191,288,38
ART-23411,Action figure superhero toy,Board Games,2025-01-31,79,45,37
ART-13605,Educational puzzle for kids,Action Figures,2025-01-07,468,21,47
ART-22795,Dollhouse with furniture,Crafts,2025-01-14,463,175,45
ART-78949,Educational puzzle for kids,Educational,2025-02-02,130,244,34
ART-13009,Kids' art and craft supplies,Action Figures,2025-01-15,345,136,46
ART-61839,Outdoor play sandbox set,Crafts,2025-02-11,466,38,29
ART-15599,Remote-controlled car,Pretend Play,2025-02-08,331,297,18
ART-26828,Remote-controlled car,Educational,2025-02-04,223,267,45
ART-70245,Action figure superhero toy,Remote Control,2025-01-12,273,281,7
ART-21727,Wooden building blocks set,Board Games,2025-01-18,221,239,17
ART-48345,Educational puzzle for kids,Pretend Play,2025-01-24,472,266,18
ART-71631,Educational puzzle for kids,Remote Control,2025-01-01,426,271,36
ART-49985,Stuffed animal teddy bear,Crafts,2025-01-31,306,201,4
ART-20417,Wooden building blocks set,Pretend Play,2025-01-04,438,212,47
ART-23933,Educational puzzle for kids,Action Figures,2025-01-20,355,295,10
ART-95640,Remote-controlled car,Remote Control,2025-02-03,478,275,38
ART-46119,Remote-controlled car,Stuffed Animals,2025-02-09,54,254,39
ART-05017,Dollhouse with furniture,Action Figures,2025-01-30,228,179,21
ART-93423,Wooden building blocks set,Stuffed Animals,2025-01-03,183,214,20
ART-79336,Educational puzzle for kids,Educational,2025-02-06,142,33,20
ART-40211,Wooden building blocks set,Outdoor Play,2025-02-03,387,118,25
ART-70687,Dollhouse with furniture,Action Figures,2025-01-08,329,38,23
ART-56176,Battery-operated train set,Action Figures,2025-02-09,227,287,33
ART-83043,Action figure superhero toy,Educational,2025-01-21,439,158,6
ART-95488,Remote-controlled car,Vehicles,2025-01-11,227,246,41
ART-46055,Stuffed animal teddy bear,Educational,2025-01-05,346,57,2
ART-14711,Remote-controlled car,Crafts,2025-01-07,348,152,4
ART-31585,Battery-operated train set,Remote Control,2025-02-10,276,175,50
ART-88196,Wooden building blocks set,Board Games,2025-01-02,199,231,24
ART-51128,Wooden building blocks set,Building Toys,2025-02-06,275,180,26
ART-49979,Wooden building blocks set,Vehicles,2025-02-14,97,236,17
ART-01505,Battery-operated train set,Vehicles,2025-01-23,444,57,1
ART-56056,Battery-operated train set,Vehicles,2025-02-10,497,210,35
ART-70438,Stuffed animal teddy bear,Remote Control,2025-01-10,94,242,7
ART-17623,Dollhouse with furniture,Board Games,2025-02-04,272,110,46
ART-23753,Stuffed animal teddy bear,Stuffed Animals,2025-01-06,277,165,48
ART-70791,Battery-operated train set,Crafts,2025-02-09,159,225,3
ART-87151,Stuffed animal teddy bear,Remote Control,2025-01-13,304,93,14
ART-54392,Stuffed animal teddy bear,Outdoor Play,2025-02-05,475,64,17
ART-40210,Kids' art and craft supplies,Outdoor Play,2025-01-01,383,135,10
ART-01920,Children's board game set,Educational,2025-02-09,321,88,24
ART-88454,Kids' art and craft supplies,Outdoor Play,2025-01-24,204,227,35
ART-54097,Dollhouse with furniture,Building Toys,2025-01-04,303,38,8
ART-19203,Action figure superhero toy,Pretend Play,2025-01-26,447,63,3
ART-03357,Action figure superhero toy,Pretend Play,2025-01-28,161,247,28
ART-22230,Battery-operated train set,Stuffed Animals,2025-01-23,108,53,25
ART-70604,Battery-operated train set,Action Figures,2025-01-27,311,204,3
ART-25377,Kids' art and craft supplies,Outdoor Play,2025-02-10,394,44,15
ART-72712,Outdoor play sandbox set,Vehicles,2025-01-22,452,184,29
ART-14133,Kids' art and craft supplies,Board Games,2025-01-04,138,172,39
ART-97709,Children's board game set,Pretend Play,2025-02-10,289,275,19
ART-77203,Children's board game set,Action Figures,2025-01-28,244,250,28
ART-72543,Action figure superhero toy,Pretend Play,2025-02-14,465,86,35
ART-06772,Remote-controlled car,Remote Control,2025-01-05,166,280,0
ART-30490,Action figure superhero toy,Board Games,2025-01-25,65,159,50
ART-78931,Action figure superhero toy,Action Figures,2025-01-30,339,68,33
ART-45183,Battery-operated train set,Pretend Play,2025-01-17,110,98,31
ART-97864,Kids' art and craft supplies,Action Figures,2025-01-17,492,133,47
ART-26003,Children's board game set,Building Toys,2025-01-10,405,108,35
ART-07740,Children's board game set,Building Toys,2025-01-06,462,295,43
ART-61201,Action figure superhero toy,Board Games,2025-01-26,253,180,41
ART-46576,Kids' art and craft supplies,Educational,2025-01-17,212,133,40
ART-74682,Children's board game set,Stuffed Animals,2025-01-22,204,254,41
ART-22253,Action figure superhero toy,Pretend Play,2025-01-09,257,255,36
ART-04852,Battery-operated train set,Vehicles,2025-02-09,87,37,18
ART-34656,Outdoor play sandbox set,Pretend Play,2025-01-17,443,229,36
ART-86163,Children's board game set,Board Games,2025-02-03,177,68,29
ART-23916,Battery-operated train set,Remote Control,2025-01-21,287,124,21
ART-24479,Stuffed animal teddy bear,Pretend Play,2025-01-06,202,36,28
ART-25226,Stuffed animal teddy bear,Vehicles,2025-01-17,70,50,50
ART-81312,Action figure superhero toy,Outdoor Play,2025-01-14,491,44,41
ART-29300,Educational puzzle for kids,Outdoor Play,2025-02-08,377,237,44
ART-54175,Children's board game set,Outdoor Play,2025-02-06,335,133,28
ART-22543,Wooden building blocks set,Outdoor Play,2025-02-07,341,199,34
ART-48187,Dollhouse with furniture,Board Games,2025-01-01,280,258,20
ART-36243,Battery-operated train set,Outdoor Play,2025-01-09,101,289,29
ART-22962,Kids' art and craft supplies,Building Toys,2025-01-08,125,53,8
ART-27443,Wooden building blocks set,Building Toys,2025-01-11,392,291,14
ART-75630,Kids' art and craft supplies,Crafts,2025-02-09,302,120,46
ART-34372,Stuffed animal teddy bear,Stuffed Animals,2025-01-25,332,184,49
ART-10686,Wooden building blocks set,Action Figures,2025-01-23,176,122,1
ART-88152,Educational puzzle for kids,Building Toys,2025-01-17,246,234,15
ART-74133,Educational puzzle for kids,Action Figures,2025-02-04,417,115,0
ART-63211,Battery-operated train set,Crafts,2025-01-20,102,26,36
ART-65113,Remote-controlled car,Stuffed Animals,2025-02-10,63,125,10
ART-41442,Remote-controlled car,Building Toys,2025-02-04,226,143,46
ART-36823,Kids' art and craft supplies,Building Toys,2025-01-07,467,109,24
ART-25267,Remote-controlled car,Stuffed Animals,2025-01-29,445,190,8
ART-41431,Children's board game set,Stuffed Animals,2025-01-13,198,139,46
ART-96769,Battery-operated train set,Action Figures,2025-01-27,108,154,42
ART-78431,Educational puzzle for kids,Educational,2025-01-09,363,290,0
ART-82275,Dollhouse with furniture,Pretend Play,2025-02-14,209,75,37
ART-76340,Wooden building blocks set,Remote Control,2025-01-10,205,272,7
ART-80465,Remote-controlled car,Outdoor Play,2025-01-04,124,151,12
ART-68522,Children's board game set,Crafts,2025-01-08,156,130,14
ART-35499,Kids' art and craft supplies,Vehicles,2025-01-25,119,173,20
ART-55771,Kids' art and craft supplies,Educational,2025-01-09,85,140,40
ART-50951,Kids' art and craft supplies,Pretend Play,2025-02-05,110,85,6
ART-09585,Battery-operated train set,Remote Control,2025-01-25,380,271,28
ART-41628,Educational puzzle for kids,Building Toys,2025-02-09,385,220,8
ART-56428,Educational puzzle for kids,Educational,2025-01-04,410,248,13
ART-01826,Educational puzzle for kids,Educational,2025-01-17,238,133,14
ART-65465,Dollhouse with furniture,Board Games,2025-01-04,285,292,21
ART-05028,Wooden building blocks set,Crafts,2025-01-22,125,92,49
ART-09346,Battery-operated train set,Vehicles,2025-01-23,500,268,7
ART-09310,Action figure superhero toy,Crafts,2025-01-21,163,190,49
ART-69095,Outdoor play sandbox set,Action Figures,2025-01-25,72,182,47
ART-46378,Dollhouse with furniture,Outdoor Play,2025-01-25,442,235,23
ART-60637,Remote-controlled car,Pretend Play,2025-02-09,211,149,20
ART-87927,Wooden building blocks set,Action Figures,2025-01-26,362,104,28
ART-50525,Wooden building blocks set,Vehicles,2025-02-07,350,188,42
ART-44351,Outdoor play sandbox set,Action Figures,2025-01-09,351,225,33
ART-11059,Children's board game set,Stuffed Animals,2025-01-25,422,290,27
ART-12718,Children's board game set,Pretend Play,2025-01-30,264,99,26
ART-93423,Wooden building blocks set,Stuffed Animals,2025-01-03,183,214,20
ART-58566,Outdoor play sandbox set,Building Toys,2025-01-22,85,92,47
ART-37005,Kids' art and craft supplies,Stuffed Animals,2025-02-01,241,232,44
ART-56795,Children's board game set,Stuffed Animals,2025-02-08,219,34,7
ART-53139,Wooden building blocks set,Pretend Play,2025-01-05,412,243,0
ART-86218,Children's board game set,Stuffed Animals,2025-01-30,177,298,50
ART-33660,Stuffed animal teddy bear,Building Toys,2025-01-06,299,132,17
ART-91658,Outdoor play sandbox set,Vehicles,2025-02-04,97,135,7
ART-34251,Stuffed animal teddy bear,Crafts,2025-01-02,176,255,22
ART-87999,Action figure superhero toy,Pretend Play,2025-01-11,332,298,24
ART-75192,Outdoor play sandbox set,Remote Control,2025-02-04,435,189,50
ART-53454,Wooden building blocks set,Action Figures,2025-02-09,167,128,44
ART-43122,Remote-controlled car,Building Toys,2025-01-06,470,191,28
ART-20604,Battery-operated train set,Outdoor Play,2025-01-21,148,146,17
ART-68403,Dollhouse with furniture,Educational,2025-01-12,58,153,35
ART-23369,Remote-controlled car,Crafts,2025-01-22,176,143,17
ART-67376,Kids' art and craft supplies,Vehicles,2025-01-26,388,121,27
ART-57074,Action figure superhero toy,Building Toys,2025-01-05,147,101,31
ART-46219,Outdoor play sandbox set,Vehicles,2025-01-03,85,258,18
ART-86695,Stuffed animal teddy bear,Building Toys,2025-01-13,442,233,39
ART-17740,Wooden building blocks set,Remote Control,2025-01-08,359,98,43
ART-96276,Dollhouse with furniture,Building Toys,2025-01-30,71,177,23
ART-28727,Remote-controlled car,Building Toys,2025-01-03,260,201,42
ART-87300,Battery-operated train set,Remote Control,2025-02-13,87,47,9
ART-98392,Outdoor play sandbox set,Outdoor Play,2025-01-23,406,171,35
ART-23532,Kids' art and craft supplies,Board Games,2025-02-10,122,116,31
ART-04011,Kids' art and craft supplies,Outdoor Play,2025-01-01,367,50,39
ART-50217,Educational puzzle for kids,Remote Control,2025-01-17,103,125,33
ART-90941,Remote-controlled car,Crafts,2025-01-25,370,255,1
ART-17524,Battery-operated train set,Educational,2025-02-10,145,168,2
ART-97284,Dollhouse with furniture,Board Games,2025-02-13,132,185,45
ART-95332,Battery-operated train set,Pretend Play,2025-02-13,61,66,25
ART-59057,Battery-operated train set,Stuffed Animals,2025-01-31,450,59,23
ART-31735,Remote-controlled car,Building Toys,2025-02-03,461,91,7
ART-59631,Stuffed animal teddy bear,Educational,2025-01-06,461,284,2
ART-34656,Outdoor play sandbox set,Pretend Play,2025-01-17,443,229,36
ART-17308,Action figure superhero toy,Remote Control,2025-02-07,192,55,49
ART-65622,Battery-operated train set,Crafts,2025-01-17,69,49,23
ART-67048,Kids' art and craft supplies,Educational,2025-01-10,379,185,40
ART-33680,Children's board game set,Vehicles,2025-01-06,357,165,49
ART-28442,Dollhouse with furniture,Vehicles,2025-01-02,191,116,46
ART-10749,Wooden building blocks set,Pretend Play,2025-01-15,259,250,44
ART-84978,Battery-operated train set,Outdoor Play,2025-02-04,294,122,48
ART-17968,Outdoor play sandbox set,Remote Control,2025-01-23,170,248,48
ART-35910,Stuffed animal teddy bear,Crafts,2025-01-25,440,146,43
ART-65677,Educational puzzle for kids,Vehicles,2025-01-05,183,109,1
ART-82737,Educational puzzle for kids,Remote Control,2025-01-12,305,230,35
ART-07337,Remote-controlled car,Educational,2025-02-02,306,197,3
ART-21378,Educational puzzle for kids,Remote Control,2025-01-08,222,300,36
ART-28457,Wooden building blocks set,Remote Control,2025-01-01,88,227,23
ART-54889,Battery-operated train set,Board Games,2025-01-23,72,230,23
ART-20640,Wooden building blocks set,Stuffed Animals,2025-01-23,337,231,26
ART-92801,Remote-controlled car,Vehicles,2025-01-07,348,92,22
ART-35809,Kids' art and craft supplies,Stuffed Animals,2025-01-29,162,30,33
ART-46407,Action figure superhero toy,Educational,2025-01-11,282,269,20
ART-76503,Dollhouse with furniture,Crafts,2025-01-01,211,250,39
ART-68463,Educational puzzle for kids,Stuffed Animals,2025-02-14,391,24,29
ART-16650,Remote-controlled car,Action Figures,2025-01-28,52,177,28
ART-21890,Kids' art and craft supplies,Outdoor Play,2025-01-07,333,41,28
ART-64267,Battery-operated train set,Vehicles,2025-02-03,54,208,12
ART-30392,Outdoor play sandbox set,Pretend Play,2025-01-31,401,277,45
ART-77334,Outdoor play sandbox set,Building Toys,2025-02-05,372,119,45
ART-23646,Wooden building blocks set,Crafts,2025-01-28,441,23,26
ART-23799,Educational puzzle for kids,Vehicles,2025-01-12,320,180,38
ART-78814,Dollhouse with furniture,Crafts,2025-01-17,209,27,35
ART-89032,Educational puzzle for kids,Board Games,2025-01-06,58,277,44
ART-58652,Action figure superhero toy,Action Figures,2025-01-25,105,139,30
ART-82125,Battery-operated train set,Stuffed Animals,2025-02-09,166,231,21
ART-94513,Children's board game set,Building Toys,2025-01-02,352,189,6
ART-42759,Action figure superhero toy,Building Toys,2025-01-19,460,221,44
ART-62620,Dollhouse with furniture,Vehicles,2025-01-10,180,72,36
ART-76034,Wooden building blocks set,Remote Control,2025-01-08,209,212,25
ART-70705,Remote-controlled car,Vehicles,2025-02-14,225,107,24
ART-27025,Children's board game set,Board Games,2025-02-13,406,159,8
ART-08815,Outdoor play sandbox set,Pretend Play,2025-01-01,189,276,34
ART-91901,Wooden building blocks set,Remote Control,2025-01-24,173,125,4
ART-91920,Outdoor play sandbox set,Crafts,2025-02-10,212,204,6
ART-57383,Battery-operated train set,Remote Control,2025-02-03,241,50,39
ART-33315,Outdoor play sandbox set,Remote Control,2025-01-17,472,157,20
ART-52834,Educational puzzle for kids,Educational,2025-01-31,229,280,25
ART-84567,Kids' art and craft supplies,Stuffed Animals,2025-02-05,371,59,31
ART-55040,Children's board game set,Board Games,2025-01-09,97,186,24
ART-72594,Educational puzzle for kids,Educational,2025-01-16,101,119,18
ART-19203,Action figure superhero toy,Pretend Play,2025-01-26,447,63,3
ART-17507,Remote-controlled car,Board Games,2025-01-14,439,71,28
ART-96289,Wooden building blocks set,Building Toys,2025-02-03,234,21,27
ART-90794,Stuffed animal teddy bear,Remote Control,2025-01-28,360,200,14
ART-82822,Remote-controlled car,Pretend Play,2025-02-10,418,173,32
ART-77102,Battery-operated train set,Building Toys,2025-02-05,308,240,6
ART-21655,Outdoor play sandbox set,Educational,2025-02-01,405,98,45
ART-99962,Dollhouse with furniture,Action Figures,2025-02-03,244,292,45
ART-50577,Wooden building blocks set,Action Figures,2025-01-29,478,223,50
ART-12759,Remote-controlled car,Outdoor Play,2025-01-09,440,126,40
ART-11543,Remote-controlled car,Remote Control,2025-01-23,92,157,9
ART-71230,Wooden building blocks set,Remote Control,2025-01-12,255,244,14
ART-33193,Educational puzzle for kids,Building Toys,2025-02-09,223,199,0
ART-80846,Dollhouse with furniture,Building Toys,2025-01-26,376,154,10
ART-40935,Action figure superhero toy,Pretend Play,2025-01-03,442,139,10
ART-76848,Outdoor play sandbox set,Pretend Play,2025-01-08,193,36,44
ART-30026,Battery-operated train set,Action Figures,2025-01-10,411,215,24
ART-90753,Battery-operated train set,Action Figures,2025-01-12,262,247,31
ART-44503,Kids' art and craft supplies,Board Games,2025-01-03,105,251,32
ART-01631,Children's board game set,Vehicles,2025-01-30,231,155,39
ART-14045,Wooden building blocks set,Educational,2025-02-10,259,32,14
ART-30128,Battery-operated train set,Remote Control,2025-01-06,475,205,5
ART-15022,Remote-controlled car,Action Figures,2025-02-14,120,97,14
ART-63399,Wooden building blocks set,Action Figures,2025-01-29,167,54,2
ART-17798,Remote-controlled car,Pretend Play,2025-01-21,105,147,42
ART-76747,Wooden building blocks set,Remote Control,2025-02-03,322,230,0
ART-45849,Outdoor play sandbox set,Outdoor Play,2025-01-09,266,115,31
ART-92145,Children's board game set,Outdoor Play,2025-01-12,439,145,9
ART-50024,Remote-controlled car,Board Games,2025-01-05,195,283,42
ART-83288,Action figure superhero toy,Educational,2025-01-09,174,84,50
ART-66263,Wooden building blocks set,Outdoor Play,2025-01-26,96,291,13
ART-38362,Outdoor play sandbox set,Board Games,2025-01-27,120,234,12
ART-50480,Wooden building blocks set,Outdoor Play,2025-02-09,202,74,21
ART-38898,Dollhouse with furniture,Pretend Play,2025-02-13,425,200,10
ART-17325,Remote-controlled car,Remote Control,2025-01-11,170,295,8
ART-87656,Remote-controlled car,Pretend Play,2025-02-03,309,296,47
ART-56512,Outdoor play sandbox set,Building Toys,2025-01-27,109,91,2
ART-87448,Educational puzzle for kids,Pretend Play,2025-01-18,153,42,50
ART-06676,Outdoor play sandbox set,Remote Control,2025-02-08,300,92,36
ART-98158,Wooden building blocks set,Crafts,2025-01-21,155,235,24
ART-04435,Dollhouse with furniture,Vehicles,2025-01-02,424,58,35
ART-67725,Outdoor play sandbox set,Board Games,2025-02-13,235,255,45
ART-80880,Outdoor play sandbox set,Vehicles,2025-01-10,422,193,6
ART-74163,Children's board game set,Board Games,2025-02-02,117,262,15
ART-22824,Children's board game set,Pretend Play,2025-01-15,381,194,0
ART-52852,Kids' art and craft supplies,Vehicles,2025-02-12,103,274,9
ART-42095,Action figure superhero toy,Outdoor Play,2025-01-14,140,223,20
ART-40142,Dollhouse with furniture,Action Figures,2025-01-23,424,254,41
ART-04522,Battery-operated train set,Vehicles,2025-02-01,489,105,23
ART-43907,Wooden building blocks set,Building Toys,2025-01-13,230,299,21
ART-57616,Kids' art and craft supplies,Pretend Play,2025-01-29,51,161,9
ART-00360,Remote-controlled car,Board Games,2025-02-13,210,238,20
ART-57468,Kids' art and craft supplies,Board Games,2025-02-13,221,67,48
ART-25548,Wooden building blocks set,Remote Control,2025-01-19,181,130,9
ART-04009,Educational puzzle for kids,Outdoor Play,2025-01-14,79,261,33
ART-00615,Outdoor play sandbox set,Board Games,2025-01-14,377,254,4
ART-58557,Remote-controlled car,Building Toys,2025-01-04,240,104,3
ART-22630,Children's board game set,Remote Control,2025-01-16,377,113,49
ART-01567,Children's board game set,Educational,2025-01-22,333,30,24
ART-33805,Battery-operated train set,Action Figures,2025-02-06,439,183,13
ART-13501,Dollhouse with furniture,Building Toys,2025-02-02,120,39,18
ART-14013,Action figure superhero toy,Crafts,2025-01-18,404,140,3
ART-75629,Dollhouse with furniture,Vehicles,2025-01-05,142,104,46
ART-89113,Stuffed animal teddy bear,Vehicles,2025-01-30,462,86,21
ART-23408,Dollhouse with furniture,Stuffed Animals,2025-01-28,465,175,5
ART-37744,Wooden building blocks set,Action Figures,2025-01-03,443,65,41
ART-22453,Outdoor play sandbox set,Crafts,2025-01-14,483,207,5
ART-42095,Action figure superhero toy,Outdoor Play,2025-01-14,140,223,20
ART-38383,Kids' art and craft supplies,Vehicles,2025-01-11,293,158,2
ART-22624,Stuffed animal teddy bear,Remote Control,2025-01-08,155,162,48
ART-58645,Remote-controlled car,Outdoor Play,2025-01-30,119,57,28
ART-57544,Educational puzzle for kids,Stuffed Animals,2025-02-05,349,215,40
ART-64456,Action figure superhero toy,Board Games,2025-01-28,461,262,33
ART-80597,Children's board game set,Action Figures,2025-02-05,328,279,50
ART-19313,Children's board game set,Outdoor Play,2025-01-31,241,140,24
ART-77206,Kids' art and craft supplies,Pretend Play,2025-02-02,403,276,9
ART-03063,Wooden building blocks set,Remote Control,2025-02-07,73,39,8
ART-44957,Remote-controlled car,Vehicles,2025-01-26,398,125,45
ART-87551,Remote-controlled car,Building Toys,2025-01-22,476,270,39
ART-97712,Children's board game set,Building Toys,2025-01-17,397,217,18
ART-06890,Educational puzzle for kids,Pretend Play,2025-01-02,254,211,28
ART-07544,Children's board game set,Crafts,2025-01-15,336,182,48
ART-89671,Stuffed animal teddy bear,Board Games,2025-01-15,281,177,29
ART-04086,Dollhouse with furniture,Board Games,2025-01-06,89,281,40
ART-73194,Battery-operated train set,Pretend Play,2025-02-06,188,176,16
ART-02938,Kids' art and craft supplies,Remote Control,2025-01-03,310,225,32
ART-49207,Educational puzzle for kids,Board Games,2025-02-06,282,298,33
ART-99118,Remote-controlled car,Action Figures,2025-01-15,448,237,14
ART-96048,Stuffed animal teddy bear,Stuffed Animals,2025-01-03,53,56,45
ART-32429,Battery-operated train set,Action Figures,2025-01-22,238,285,17
ART-75881,Remote-controlled car,Educational,2025-02-04,163,250,22
ART-21263,Stuffed animal teddy bear,Building Toys,2025-02-07,111,118,20
ART-19203,Action figure superhero toy,Pretend Play,2025-01-26,447,63,3
ART-16525,Wooden building blocks set,Stuffed Animals,2025-01-21,386,297,29
ART-48112,Wooden building blocks set,Crafts,2025-01-27,233,127,43
ART-42831,Remote-controlled car,Board Games,2025-02-03,354,37,28
ART-89446,Dollhouse with furniture,Outdoor Play,2025-01-26,171,169,16
ART-71631,Educational puzzle for kids,Remote Control,2025-01-01,426,271,36
ART-44063,Dollhouse with furniture,Remote Control,2025-01-08,96,147,22
ART-35589,Outdoor play sandbox set,Board Games,2025-01-10,119,256,11
ART-20640,Wooden building blocks set,Stuffed Animals,2025-01-23,337,231,26
ART-27769,Stuffed animal teddy bear,Vehicles,2025-01-31,473,295,17
ART-51792,Action figure superhero toy,Board Games,2025-02-07,213,105,40
ART-20267,Battery-operated train set,Remote Control,2025-01-10,463,70,3
ART-28739,Dollhouse with furniture,Board Games,2025-02-01,294,98,29
ART-51189,Action figure superhero toy,Board Games,2025-01-26,241,240,9
ART-15506,Children's board game set,Action Figures,2025-01-26,253,131,27
ART-95287,Wooden building blocks set,Remote Control,2025-01-22,238,189,43
ART-56080,Wooden building blocks set,Board Games,2025-02-05,85,261,2
ART-68463,Educational puzzle for kids,Stuffed Animals,2025-02-14,391,24,29
ART-91920,Outdoor play sandbox set,Crafts,2025-02-10,212,204,6
ART-85721,Battery-operated train set,Outdoor Play,2025-01-13,373,113,8
ART-03488,Action figure superhero toy,Pretend Play,2025-01-29,328,203,3
ART-37744,Wooden building blocks set,Action Figures,2025-01-03,443,65,41
ART-09585,Battery-operated train set,Remote Control,2025-01-25,380,271,28
ART-60419,Children's board game set,Crafts,2025-02-14,197,57,24
ART-68767,Educational puzzle for kids,Building Toys,2025-02-09,283,174,12
ART-89671,Stuffed animal teddy bear,Board Games,2025-01-15,281,177,29
ART-97208,Educational puzzle for kids,Vehicles,2025-01-21,464,260,12
ART-15582,Wooden building blocks set,Vehicles,2025-02-01,348,265,10
ART-90561,Outdoor play sandbox set,Educational,2025-02-03,490,235,23
ART-42741,Dollhouse with furniture,Crafts,2025-01-21,67,145,41
ART-45551,Stuffed animal teddy bear,Remote Control,2025-02-10,367,289,16
ART-97712,Children's board game set,Building Toys,2025-01-17,397,217,18
ART-46219,Outdoor play sandbox set,Vehicles,2025-01-03,85,258,18
ART-19313,Children's board game set,Outdoor Play,2025-01-31,241,140,24
ART-73517,Outdoor play sandbox set,Action Figures,2025-02-11,370,176,46
ART-35589,Outdoor play sandbox set,Board Games,2025-01-10,119,256,11
ART-31389,Children's board game set,Stuffed Animals,2025-01-01,226,85,49
ART-56368,Dollhouse with furniture,Board Games,2025-01-25,339,268,50
ART-99118,Remote-controlled car,Action Figures,2025-01-15,448,237,14
ART-25548,Wooden building blocks set,Remote Control,2025-01-19,181,130,9
ART-33095,Educational puzzle for kids,Building Toys,2025-01-15,371,232,24
ART-48813,Outdoor play sandbox set,Vehicles,2025-01-11,334,273,3
ART-67385,Action figure superhero toy,Board Games,2025-02-12,436,93,12
ART-64267,Battery-operated train set,Vehicles,2025-02-03,54,208,12
ART-43928,Action figure superhero toy,Board Games,2025-01-09,202,219,26
ART-09250,Dollhouse with furniture,Pretend Play,2025-01-25,148,130,47
ART-18286,Battery-operated train set,Board Games,2025-01-10,496,297,2
ART-77735,Action figure superhero toy,Vehicles,2025-01-15,410,169,18
ART-95287,Wooden building blocks set,Remote Control,2025-01-22,238,189,43
ART-34533,Remote-controlled car,Action Figures,2025-01-06,447,167,15
ART-54925,Children's board game set,Action Figures,2025-01-10,442,33,38
ART-57468,Kids' art and craft supplies,Board Games,2025-02-13,221,67,48
ART-89113,Stuffed animal teddy bear,Vehicles,2025-01-30,462,86,21
ART-75154,Wooden building blocks set,Pretend Play,2025-01-11,378,155,41
ART-83425,Wooden building blocks set,Crafts,2025-02-09,304,240,11
ART-68767,Educational puzzle for kids,Building Toys,2025-02-09,283,174,12
ART-42741,Dollhouse with furniture,Crafts,2025-01-21,67,145,41
ART-74379,Stuffed animal teddy bear,Pretend Play,2025-01-20,461,131,30
ART-58652,Action figure superhero toy,Action Figures,2025-01-25,105,139,30
ART-43928,Action figure superhero toy,Board Games,2025-01-09,202,219,26
ART-38789,Action figure superhero toy,Outdoor Play,2025-01-24,393,73,10
ART-07074,Outdoor play sandbox set,Remote Control,2025-02-11,396,296,21
ART-19315,Remote-controlled car,Board Games,2025-01-13,172,176,7
ART-30298,Action figure superhero toy,Vehicles,2025-01-04,364,242,17
ART-39172,Educational puzzle for kids,Vehicles,2025-01-30,451,252,18
ART-11543,Remote-controlled car,Remote Control,2025-01-23,92,157,9
ART-36435,Educational puzzle for kids,Remote Control,2025-01-15,303,260,18
ART-78931,Action figure superhero toy,Action Figures,2025-01-30,339,68,33
ART-84567,Kids' art and craft supplies,Stuffed Animals,2025-02-05,371,59,31
ART-34533,Remote-controlled car,Action Figures,2025-01-06,447,167,15
ART-59767,Children's board game set,Educational,2025-01-21,242,241,11
ART-05314,Outdoor play sandbox set,Action Figures,2025-01-28,328,38,50
ART-74491,Wooden building blocks set,Remote Control,2025-01-11,439,245,34
ART-45323,Battery-operated train set,Crafts,2025-01-25,126,283,8
ART-60419,Children's board game set,Crafts,2025-02-14,197,57,24
ART-44868,Outdoor play sandbox set,Vehicles,2025-01-06,62,111,47
ART-17798,Remote-controlled car,Pretend Play,2025-01-21,105,147,42
ART-30490,Action figure superhero toy,Board Games,2025-01-25,65,159,50
ART-12872,Children's board game set,Board Games,2025-02-01,190,84,40
ART-50951,Kids' art and craft supplies,Pretend Play,2025-02-05,110,85,6
ART-28217,Action figure superhero toy,Crafts,2025-01-20,391,197,45
ART-61301,Action figure superhero toy,Pretend Play,2025-01-09,359,223,49
ART-29536,Stuffed animal teddy bear,Action Figures,2025-01-26,186,101,50
ART-58652,Action figure superhero toy,Action Figures,2025-01-25,105,139,30
ART-12872,Children's board game set,Board Games,2025-02-01,190,84,40
ART-46219,Outdoor play sandbox set,Vehicles,2025-01-03,85,258,18
ART-17798,Remote-controlled car,Pretend Play,2025-01-21,105,147,42
ART-65622,Battery-operated train set,Crafts,2025-01-17,69,49,23
ART-55001,Action figure superhero toy,Vehicles,2025-01-07,85,145,23
ART-27443,Wooden building blocks set,Building Toys,2025-01-11,392,291,14
ART-25267,Remote-controlled car,Stuffed Animals,2025-01-29,445,190,8
ART-40210,Kids' art and craft supplies,Outdoor Play,2025-01-01,383,135,10
ART-28217,Action figure superhero toy,Crafts,2025-01-20,391,197,45
ART-32142,Action figure superhero toy,Pretend Play,2025-01-27,425,196,25
ART-76924,Kids' art and craft supplies,Pretend Play,2025-01-06,406,30,48
ART-64014,Educational puzzle for kids,Educational,2025-02-09,407,84,40
ART-79962,Dollhouse with furniture,Vehicles,2025-01-26,52,100,26
ART-54863,Dollhouse with furniture,Vehicles,2025-02-08,484,244,2
ART-76776,Kids' art and craft supplies,Vehicles,2025-01-23,78,23,13
ART-01273,Children's board game set,Educational,2025-02-05,280,163,39
ART-49833,Children's board game set,Crafts,2025-01-12,104,183,15
ART-76776,Kids' art and craft supplies,Vehicles,2025-01-23,78,23,13
ART-58657,Remote-controlled car,Action Figures,2025-01-17,271,69,47
ART-44063,Dollhouse with furniture,Remote Control,2025-01-08,96,147,22
ART-34900,Wooden building blocks set,Stuffed Animals,2025-01-21,134,177,38
ART-05314,Outdoor play sandbox set,Action Figures,2025-01-28,328,38,50
ART-38235,Wooden building blocks set,Remote Control,2025-01-28,419,93,26
ART-98260,Kids' art and craft supplies,Action Figures,2025-01-24,196,271,12
ART-78814,Dollhouse with furniture,Crafts,2025-01-17,209,27,35
ART-64267,Battery-operated train set,Vehicles,2025-02-03,54,208,12
ART-75881,Remote-controlled car,Educational,2025-02-04,163,250,22
ART-35837,Action figure superhero toy,Pretend Play,2025-02-11,309,280,34
ART-14711,Remote-controlled car,Crafts,2025-01-07,348,152,4
ART-20417,Wooden building blocks set,Pretend Play,2025-01-04,438,212,47
ART-38431,Battery-operated train set,Board Games,2025-01-28,50,189,39
ART-16649,Children's board game set,Stuffed Animals,2025-01-22,372,214,9
ART-85721,Battery-operated train set,Outdoor Play,2025-01-13,373,113,8
ART-02950,Outdoor play sandbox set,Building Toys,2025-01-11,486,267,6
ART-28217,Action figure superhero toy,Crafts,2025-01-20,391,197,45
ART-99579,Outdoor play sandbox set,Crafts,2025-01-20,312,45,43
ART-60352,Outdoor play sandbox set,Stuffed Animals,2025-01-15,345,117,16
ART-12117,Dollhouse with furniture,Stuffed Animals,2025-01-09,290,285,41
ART-55834,Wooden building blocks set,Vehicles,2025-01-07,216,48,18
ART-57638,Remote-controlled car,Pretend Play,2025-01-09,321,281,12
ART-17740,Wooden building blocks set,Remote Control,2025-01-08,359,98,43
ART-15582,Wooden building blocks set,Vehicles,2025-02-01,348,265,10
ART-32142,Action figure superhero toy,Pretend Play,2025-01-27,425,196,25
ART-62620,Dollhouse with furniture,Vehicles,2025-01-10,180,72,36
ART-12359,Educational puzzle for kids,Crafts,2025-02-10,112,44,15
ART-08815,Outdoor play sandbox set,Pretend Play,2025-01-01,189,276,34
ART-10749,Wooden building blocks set,Pretend Play,2025-01-15,259,250,44
ART-06862,Outdoor play sandbox set,Action Figures,2025-02-09,198,78,25
ART-21669,Action figure superhero toy,Crafts,2025-02-04,229,95,15
ART-90332,Children's board game set,Board Games,2025-01-26,281,81,15
ART-92801,Remote-controlled car,Vehicles,2025-01-07,348,92,22
ART-80452,Battery-operated train set,Vehicles,2025-01-29,307,291,10
ART-42509,Outdoor play sandbox set,Crafts,2025-02-14,50,200,15
ART-42095,Action figure superhero toy,Outdoor Play,2025-01-14,140,223,20
ART-90332,Children's board game set,Board Games,2025-01-26,281,81,15
ART-13657,Educational puzzle for kids,Outdoor Play,2025-01-20,158,90,48
ART-23901,Kids' art and craft supplies,Building Toys,2025-01-08,374,53,19
ART-60352,Outdoor play sandbox set,Stuffed Animals,2025-01-15,345,117,16
ART-48112,Wooden building blocks set,Crafts,2025-01-27,233,127,43
ART-42759,Action figure superhero toy,Building Toys,2025-01-19,460,221,44
ART-21263,Stuffed animal teddy bear,Building Toys,2025-02-07,111,118,20
ART-53454,Wooden building blocks set,Action Figures,2025-02-09,167,128,44
ART-85260,Educational puzzle for kids,Building Toys,2025-02-01,432,28,22
ART-85260,Educational puzzle for kids,Building Toys,2025-02-01,432,28,22
ART-55834,Wooden building blocks set,Vehicles,2025-01-07,216,48,18
ART-97208,Educational puzzle for kids,Vehicles,2025-01-21,464,260,12
ART-71696,Kids' art and craft supplies,Outdoor Play,2025-01-06,128,142,8
ART-49833,Children's board game set,Crafts,2025-01-12,104,183,15
ART-36804,Kids' art and craft supplies,Educational,2025-01-24,450,41,22
ART-23916,Battery-operated train set,Remote Control,2025-01-21,287,124,21
ART-52190,Children's board game set,Building Toys,2025-01-01,291,295,42
ART-29536,Stuffed animal teddy bear,Action Figures,2025-01-26,186,101,50
ART-78041,Wooden building blocks set,Stuffed Animals,2025-01-05,51,190,49
ART-86163,Children's board game set,Board Games,2025-02-03,177,68,29
ART-92801,Remote-controlled car,Vehicles,2025-01-07,348,92,22
ART-01826,Educational puzzle for kids,Educational,2025-01-17,238,133,14
ART-62132,Educational puzzle for kids,Board Games,2025-01-29,259,112,49
ART-80452,Battery-operated train set,Vehicles,2025-01-29,307,291,10
ART-84013,Outdoor play sandbox set,Vehicles,2025-01-03,237,43,25
ART-04852,Battery-operated train set,Vehicles,2025-02-09,87,37,18
ART-07074,Outdoor play sandbox set,Remote Control,2025-02-11,396,296,21
ART-19203,Action figure superhero toy,Pretend Play,2025-01-26,447,63,3
ART-97284,Dollhouse with furniture,Board Games,2025-02-13,132,185,45
ART-62705,Outdoor play sandbox set,Educational,2025-01-05,88,51,27
ART-92304,Educational puzzle for kids,Outdoor Play,2025-02-14,445,232,21
ART-73880,Stuffed animal teddy bear,Vehicles,2025-01-24,122,69,3
ART-13009,Kids' art and craft supplies,Action Figures,2025-01-15,345,136,46
ART-55001,Action figure superhero toy,Vehicles,2025-01-07,85,145,23
ART-68403,Dollhouse with furniture,Educational,2025-01-12,58,153,35
ART-23901,Kids' art and craft supplies,Building Toys,2025-01-08,374,53,19
ART-48035,Outdoor play sandbox set,Pretend Play,2025-01-23,406,269,9
ART-35837,Action figure superhero toy,Pretend Play,2025-02-11,309,280,34
ART-92299,Stuffed animal teddy bear,Remote Control,2025-01-01,125,32,2
ART-71480,Educational puzzle for kids,Building Toys,2025-01-30,408,171,1
ART-26803,Kids' art and craft supplies,Educational,2025-01-24,128,162,5
ART-90561,Outdoor play sandbox set,Educational,2025-02-03,490,235,23
ART-99962,Dollhouse with furniture,Action Figures,2025-02-03,244,292,45
ART-52190,Children's board game set,Building Toys,2025-01-01,291,295,42
ART-42741,Dollhouse with furniture,Crafts,2025-01-21,67,145,41
ART-94417,Battery-operated train set,Action Figures,2025-01-24,448,205,32
ART-50525,Wooden building blocks set,Vehicles,2025-02-07,350,188,42
ART-54175,Children's board game set,Outdoor Play,2025-02-06,335,133,28
ART-74429,Outdoor play sandbox set,Board Games,2025-02-05,493,84,44
ART-44351,Outdoor play sandbox set,Action Figures,2025-01-09,351,225,33
ART-33805,Battery-operated train set,Action Figures,2025-02-06,439,183,13
ART-02950,Outdoor play sandbox set,Building Toys,2025-01-11,486,267,6
ART-13009,Kids' art and craft supplies,Action Figures,2025-01-15,345,136,46
ART-13657,Educational puzzle for kids,Outdoor Play,2025-01-20,158,90,48
ART-86163,Children's board game set,Board Games,2025-02-03,177,68,29
ART-70475,Dollhouse with furniture,Vehicles,2025-01-12,84,140,49
ART-80452,Battery-operated train set,Vehicles,2025-01-29,307,291,10
ART-07396,Wooden building blocks set,Board Games,2025-02-10,270,104,38
ART-06862,Outdoor play sandbox set,Action Figures,2025-02-09,198,78,25
ART-98158,Wooden building blocks set,Crafts,2025-01-21,155,235,24
ART-42831,Remote-controlled car,Board Games,2025-02-03,354,37,28
ART-51792,Action figure superhero toy,Board Games,2025-02-07,213,105,40
ART-83500,Educational puzzle for kids,Outdoor Play,2025-01-16,89,66,39
ART-67385,Action figure superhero toy,Board Games,2025-02-12,436,93,12
ART-37748,Remote-controlled car,Remote Control,2025-01-27,396,104,47
ART-42759,Action figure superhero toy,Building Toys,2025-01-19,460,221,44
ART-12359,Educational puzzle for kids,Crafts,2025-02-10,112,44,15
ART-54863,Dollhouse with furniture,Vehicles,2025-02-08,484,244,2
ART-62132,Educational puzzle for kids,Board Games,2025-01-29,259,112,49
ART-10108,Kids' art and craft supplies,Building Toys,2025-02-02,70,130,20
ART-80431,Action figure superhero toy,Building Toys,2025-02-10,379,215,50
ART-41442,Remote-controlled car,Building Toys,2025-02-04,226,143,46
ART-22624,Stuffed animal teddy bear,Remote Control,2025-01-08,155,162,48
ART-71631,Educational puzzle for kids,Remote Control,2025-01-01,426,271,36
ART-30298,Action figure superhero toy,Vehicles,2025-01-04,364,242,17
ART-65113,Remote-controlled car,Stuffed Animals,2025-02-10,63,125,10
ART-40302,Dollhouse with furniture,Stuffed Animals,2025-02-09,54,131,32
ART-45892,Kids' art and craft supplies,Vehicles,2025-01-14,55,153,41
ART-21669,Action figure superhero toy,Crafts,2025-02-04,229,95,15
ART-23532,Kids' art and craft supplies,Board Games,2025-02-10,122,116,31
ART-44868,Outdoor play sandbox set,Vehicles,2025-01-06,62,111,47
ART-42236,Dollhouse with furniture,Crafts,2025-02-03,405,173,1
ART-83756,Kids' art and craft supplies,Board Games,2025-01-31,269,219,0
ART-56729,Children's board game set,Outdoor Play,2025-01-27,253,298,30
ART-01273,Children's board game set,Educational,2025-02-05,280,163,39
ART-71480,Educational puzzle for kids,Building Toys,2025-01-30,408,171,1
ART-75881,Remote-controlled car,Educational,2025-02-04,163,250,22
ART-74491,Wooden building blocks set,Remote Control,2025-01-11,439,245,34
ART-12117,Dollhouse with furniture,Stuffed Animals,2025-01-09,290,285,41
ART-97800,Kids' art and craft supplies,Educational,2025-02-07,250,36,11
ART-81312,Action figure superhero toy,Outdoor Play,2025-01-14,491,44,41
ART-64697,Outdoor play sandbox set,Crafts,2025-01-21,138,201,13
ART-71696,Kids' art and craft supplies,Outdoor Play,2025-01-06,128,142,8
ART-51189,Action figure superhero toy,Board Games,2025-01-26,241,240,9
ART-83288,Action figure superhero toy,Educational,2025-01-09,174,84,50
ART-15506,Children's board game set,Action Figures,2025-01-26,253,131,27
ART-75881,Remote-controlled car,Educational,2025-02-04,163,250,22
ART-50951,Kids' art and craft supplies,Pretend Play,2025-02-05,110,85,6
ART-30392,Outdoor play sandbox set,Pretend Play,2025-01-31,401,277,45
ART-90753,Battery-operated train set,Action Figures,2025-01-12,262,247,31
ART-77449,Children's board game set,Vehicles,2025-01-17,471,207,34
ART-59982,Dollhouse with furniture,Outdoor Play,2025-01-19,327,50,33
ART-73517,Outdoor play sandbox set,Action Figures,2025-02-11,370,176,46
ART-26803,Kids' art and craft supplies,Educational,2025-01-24,128,162,5
ART-05314,Outdoor play sandbox set,Action Figures,2025-01-28,328,38,50
ART-36435,Educational puzzle for kids,Remote Control,2025-01-15,303,260,18
ART-04852,Battery-operated train set,Vehicles,2025-02-09,87,37,18
ART-70705,Remote-controlled car,Vehicles,2025-02-14,225,107,24
ART-94417,Battery-operated train set,Action Figures,2025-01-24,448,205,32
ART-36296,Educational puzzle for kids,Board Games,2025-01-26,396,299,10
ART-91658,Outdoor play sandbox set,Vehicles,2025-02-04,97,135,7
ART-54925,Children's board game set,Action Figures,2025-01-10,442,33,38
ART-34900,Wooden building blocks set,Stuffed Animals,2025-01-21,134,177,38
ART-98260,Kids' art and craft supplies,Action Figures,2025-01-24,196,271,12
ART-76503,Dollhouse with furniture,Crafts,2025-01-01,211,250,39
ART-63211,Battery-operated train set,Crafts,2025-01-20,102,26,36
ART-61301,Action figure superhero toy,Pretend Play,2025-01-09,359,223,49
ART-79734,Action figure superhero toy,Building Toys,2025-02-10,397,245,29
ART-67894,Educational puzzle for kids,Action Figures,2025-01-24,218,174,37
ART-74557,Kids' art and craft supplies,Building Toys,2025-01-30,197,244,7
ART-18127,Remote-controlled car,Vehicles,2025-02-14,489,100,28
ART-99579,Outdoor play sandbox set,Crafts,2025-01-20,312,45,43
ART-48813,Outdoor play sandbox set,Vehicles,2025-01-11,334,273,3
ART-33516,Outdoor play sandbox set,Outdoor Play,2025-01-18,190,24,36
ART-14013,Action figure superhero toy,Crafts,2025-01-18,404,140,3
ART-93423,Wooden building blocks set,Stuffed Animals,2025-01-03,183,214,20
ART-40210,Kids' art and craft supplies,Outdoor Play,2025-01-01,383,135,10
ART-74522,Wooden building blocks set,Pretend Play,2025-01-01,136,241,46
ART-41442,Remote-controlled car,Building Toys,2025-02-04,226,143,46
ART-30392,Outdoor play sandbox set,Pretend Play,2025-01-31,401,277,45
ART-10108,Kids' art and craft supplies,Building Toys,2025-02-02,70,130,20
ART-56368,Dollhouse with furniture,Board Games,2025-01-25,339,268,50
ART-36804,Kids' art and craft supplies,Educational,2025-01-24,450,41,22
ART-74429,Outdoor play sandbox set,Board Games,2025-02-07,414,98,47
ART-67048,Kids' art and craft supplies,Educational,2025-01-10,379,185,40
ART-07074,Outdoor play sandbox set,Remote Control,2025-02-11,396,296,21
ART-74379,Stuffed animal teddy bear,Pretend Play,2025-01-20,461,131,30
ART-76924,Kids' art and craft supplies,Pretend Play,2025-01-06,406,30,48
ART-13501,Dollhouse with furniture,Building Toys,2025-02-02,120,39,18
ART-30392,Outdoor play sandbox set,Pretend Play,2025-01-31,401,277,45
ART-16649,Children's board game set,Stuffed Animals,2025-01-22,372,214,9
ART-84013,Outdoor play sandbox set,Vehicles,2025-01-03,237,43,25
ART-31389,Children's board game set,Stuffed Animals,2025-01-01,226,85,49
ART-99435,Wooden building blocks set,Educational,2025-02-11,411,90,33
ART-34656,Outdoor play sandbox set,Pretend Play,2025-01-17,443,229,36
ART-29113,Remote-controlled car,Building Toys,2025-01-19,99,240,22
ART-64697,Outdoor play sandbox set,Crafts,2025-01-21,138,201,13
